{
  "status": "SUCCESS",
  "runtime_seconds": 120.00818467140198,
  "updates_processed": 1080,
  "signals_generated": 0,
  "signal_rate": 0.0,
  "avg_processing_ms": 0.0144211111104495,
  "final_price": 4370.452636011534,
  "price_change_pct": 24.87007531461526
}