{
  "timestamp": "20251105_161340",
  "system_info": {
    "python_version": "3.11.9 (tags/v3.11.9:de54cf5, Apr  2 2024, 10:12:12) [MSC v.1938 64 bit (AMD64)]",
    "platform": "win32",
    "cpu_count": 4,
    "memory_total_gb": 3.859691619873047
  },
  "startup_profiling": {
    "import_time_ms": 2498.840799999016,
    "instantiation_time_ms": 0.5473999990499578,
    "total_startup_ms": 2499.388199998066
  },
  "market_data_profiling": {
    "iterations": 1000,
    "mean_latency_ms": 0.0006787999882362783,
    "median_latency_ms": 0.0006000009307172149,
    "p95_latency_ms": 0.000700001692166552,
    "p99_latency_ms": 0.0020000006770715117,
    "min_latency_ms": 0.0005000001692678779,
    "max_latency_ms": 0.018200000340584666,
    "std_dev_ms": 0.0006651412714039098
  },
  "memory_profiling": {
    "tracemalloc_current_mb": 0.005939483642578125,
    "tracemalloc_peak_mb": 0.012416839599609375,
    "process_memory_mb": 68.953125,
    "memory_efficiency_pct": 47.834101382488484
  },
  "cpu_profiling": {
    "monitoring_duration_s": 10,
    "samples_collected": 96,
    "avg_cpu_pct": 0.44583333333333336,
    "max_cpu_pct": 14.3,
    "p95_cpu_pct": 0.0
  },
  "performance_assessment": {
    "requirements_met": false,
    "warnings": [
      "Memory usage 69.0MB exceeds 15MB target"
    ],
    "critical_issues": [
      "Memory budget violation: 69.0MB > 15MB"
    ],
    "overall_status": "FAIL"
  }
}