{
  "timestamp": "20251105_143042",
  "system_info": {
    "python_version": "3.11.9 (tags/v3.11.9:de54cf5, Apr  2 2024, 10:12:12) [MSC v.1938 64 bit (AMD64)]",
    "platform": "win32",
    "cpu_count": 4,
    "memory_total_gb": 3.859691619873047
  },
  "startup_profiling": {
    "import_time_ms": 2536.271000000852,
    "instantiation_time_ms": 0.4702000005636364,
    "total_startup_ms": 2536.7412000014156
  },
  "market_data_profiling": {
    "iterations": 1000,
    "mean_latency_ms": 0.0007498000231862534,
    "median_latency_ms": 0.0006000009307172149,
    "p95_latency_ms": 0.0010000003385357559,
    "p99_latency_ms": 0.0030999981390777975,
    "min_latency_ms": 0.0004999965312890708,
    "max_latency_ms": 0.05690000034519471,
    "std_dev_ms": 0.001876203664855284
  },
  "memory_profiling": {
    "tracemalloc_current_mb": 0.005939483642578125,
    "tracemalloc_peak_mb": 0.012416839599609375,
    "process_memory_mb": 69.08984375,
    "memory_efficiency_pct": 47.834101382488484
  },
  "cpu_profiling": {
    "monitoring_duration_s": 10,
    "samples_collected": 99,
    "avg_cpu_pct": 0.14343434343434341,
    "max_cpu_pct": 14.2,
    "p95_cpu_pct": 0.0
  },
  "performance_assessment": {
    "requirements_met": false,
    "warnings": [
      "Memory usage 69.1MB exceeds 15MB target"
    ],
    "critical_issues": [
      "Memory budget violation: 69.1MB > 15MB"
    ],
    "overall_status": "FAIL"
  }
}