{
  "timestamp": "20251105_234349",
  "system_info": {
    "python_version": "3.11.9 (tags/v3.11.9:de54cf5, Apr  2 2024, 10:12:12) [MSC v.1938 64 bit (AMD64)]",
    "platform": "win32",
    "cpu_count": 4,
    "memory_total_gb": 3.859691619873047
  },
  "startup_profiling": {
    "import_time_ms": 2947.3771000000397,
    "instantiation_time_ms": 0.5111000000397325,
    "total_startup_ms": 2947.8882000000795
  },
  "market_data_profiling": {
    "iterations": 1000,
    "mean_latency_ms": 0.0006794999999328866,
    "median_latency_ms": 0.0006000000212225132,
    "p95_latency_ms": 0.0009999999974752427,
    "p99_latency_ms": 0.0017999999499807018,
    "min_latency_ms": 0.0004999999418942025,
    "max_latency_ms": 0.01150000002780871,
    "std_dev_ms": 0.00044785077910988107
  },
  "memory_profiling": {
    "tracemalloc_current_mb": 0.005939483642578125,
    "tracemalloc_peak_mb": 0.012416839599609375,
    "process_memory_mb": 68.55859375,
    "memory_efficiency_pct": 47.834101382488484
  },
  "cpu_profiling": {
    "monitoring_duration_s": 10,
    "samples_collected": 99,
    "avg_cpu_pct": 0.14444444444444446,
    "max_cpu_pct": 14.3,
    "p95_cpu_pct": 0.0
  },
  "performance_assessment": {
    "requirements_met": false,
    "warnings": [
      "Memory usage 68.6MB exceeds 15MB target"
    ],
    "critical_issues": [
      "Memory budget violation: 68.6MB > 15MB"
    ],
    "overall_status": "FAIL"
  }
}